City_ID,City,Country,Lat,Lng,Max Temp,Humidity,Cloudiness,Wind Speed,Current Description
0,Port Alfred,ZA,-33.5906,26.891,73.58,33,2,13.98,clear sky
1,East London,ZA,-33.0153,27.9116,67.14,52,0,5.75,clear sky
2,Rikitea,PF,-23.1203,-134.9692,74.35,78,100,17.54,overcast clouds
3,Kavieng,PG,-2.5744,150.7967,81.86,80,71,14.7,light rain
4,Taoudenni,ML,22.6783,-3.9836,112.41,9,70,14.45,broken clouds
5,Mamedkala,RU,42.1677,48.1199,83.46,49,0,5.35,clear sky
6,Killybegs,IE,54.6333,-8.45,69.51,76,100,6.6,overcast clouds
7,Pingliang,CN,35.5392,106.6861,70.21,44,87,5.17,overcast clouds
8,Tambacounda,SN,13.7539,-13.7586,95.05,49,75,9.22,broken clouds
9,Tessalit,ML,20.1986,1.0114,92.37,31,65,16.6,light rain
10,Muravlenko,RU,63.7898,74.523,64.35,50,99,8.97,overcast clouds
11,Castro,BR,-24.7911,-50.0119,67.53,68,100,2.04,overcast clouds
12,Butaritari,KI,3.0707,172.7902,81.77,74,99,10.4,overcast clouds
13,Kropotkin,RU,45.4375,40.5756,75.27,61,32,3.53,light rain
14,San Quintin,MX,30.4833,-115.95,74.46,67,17,8.68,few clouds
15,Bathsheba,BB,13.2167,-59.5167,88.41,78,20,25.32,few clouds
16,Ushuaia,AR,-54.8,-68.3,42.46,52,40,5.75,scattered clouds
17,Luderitz,NA,-26.6481,15.1594,67.75,41,9,5.26,clear sky
18,Kijang,KR,35.2442,129.2139,82.13,68,100,3.42,overcast clouds
19,Port Elizabeth,ZA,-33.918,25.5701,76.1,52,0,2.3,clear sky
20,Mangrol,IN,21.1167,70.1167,80.94,86,79,18.45,broken clouds
21,Hilo,US,19.7297,-155.09,87.28,89,100,5.75,overcast clouds
22,Port Blair,IN,11.6667,92.75,78.84,94,75,2.3,mist
23,Tuy Hoa,VN,13.0833,109.3,79.52,84,100,7.45,overcast clouds
24,Iskateley,RU,67.6803,53.1512,62.29,81,100,7.23,overcast clouds
25,Avarua,CK,-21.2078,-159.775,69.85,88,75,4.61,light rain
26,Qaanaaq,GL,77.484,-69.3632,46.33,58,67,0.72,broken clouds
27,Kapaa,US,22.0752,-159.319,79.12,81,100,13.8,overcast clouds
28,Gisborne,NZ,-38.6533,178.0042,45.21,85,94,10.56,overcast clouds
29,Huilong,CN,31.8111,121.655,81.93,94,100,9.64,moderate rain
30,Tazovskiy,RU,67.4667,78.7,57.76,66,99,0.09,overcast clouds
31,Ancud,CL,-41.8697,-73.8203,45.23,85,71,17.09,moderate rain
32,Albany,US,42.6001,-73.9662,90.03,45,37,1.99,scattered clouds
33,Khipro,PK,25.8285,69.3772,87.58,71,77,11.45,broken clouds
34,Lebu,CL,-37.6167,-73.65,51.31,84,98,12.88,overcast clouds
35,Cherskiy,RU,68.75,161.3,35.42,63,71,13.13,broken clouds
36,Bowen,AU,-20.0167,148.2333,60.94,89,0,8.08,clear sky
37,Thompson,CA,55.7435,-97.8558,77.16,61,40,4.61,scattered clouds
38,Jos,NG,9.9167,8.9,69.1,96,100,3.11,light rain
39,Oxapampa,PE,-10.5775,-75.4017,65.34,87,86,2.04,overcast clouds
40,Hermanus,ZA,-34.4187,19.2345,60.8,81,0,8.52,clear sky
41,Yellowknife,CA,62.456,-114.3525,63.12,82,75,23.02,broken clouds
42,Alghero,IT,40.5589,8.3181,87.89,45,0,8.05,clear sky
43,Hithadhoo,MV,-0.6,73.0833,76.91,90,100,28.27,overcast clouds
44,Naryan-Mar,RU,67.6713,53.087,62.49,81,100,7.29,overcast clouds
45,Port Macquarie,AU,-31.4333,152.9167,50.9,79,36,6.8,scattered clouds
46,Kaeo,NZ,-35.1,173.7833,47.32,95,86,4.23,overcast clouds
47,Hobart,AU,-42.8794,147.3294,39.06,83,100,8.05,overcast clouds
48,Port Moresby,PG,-9.4431,147.1797,74.41,89,23,4.38,few clouds
49,Ust-Koksa,RU,50.2696,85.6108,56.91,96,88,2.59,overcast clouds
50,Trincomalee,LK,8.5711,81.2335,81.3,75,100,14.38,overcast clouds
51,Tura,IN,25.5198,90.2201,76.73,92,65,5.57,broken clouds
52,Bilma,NE,18.6853,12.9164,94.12,28,73,9.4,broken clouds
53,Geraldton,AU,-28.7667,114.6,54.01,94,40,8.05,scattered clouds
54,Voyinka,UA,45.8699,33.9914,75.16,58,65,12.46,light rain
55,Langsa,ID,4.4683,97.9683,75.7,94,73,2.75,broken clouds
56,Esperance,AU,-33.8667,121.9,53.26,86,100,10.09,light rain
57,Airai,TL,-8.9266,125.4092,53.1,84,31,2.51,scattered clouds
58,Datong,CN,40.0936,113.2914,68.94,33,40,7.7,scattered clouds
59,Severnyy,RU,50.677,36.5532,60.84,72,0,2.24,clear sky
60,Kundla,IN,21.3333,71.3,79.3,86,90,11.12,overcast clouds
61,Hambantota,LK,6.1241,81.1185,80.65,78,100,16.49,overcast clouds
62,Plouzane,FR,48.3833,-4.6167,93.52,30,0,8.05,clear sky
63,Iqaluit,CA,63.7506,-68.5145,46.13,87,100,9.22,light rain
64,Jaen,ES,38.0,-3.5,103.26,6,0,6.8,clear sky
65,Pokhara,NP,28.2333,83.9833,75.97,82,73,3.87,broken clouds
66,Eureka,US,40.8021,-124.1637,59.25,83,5,8.77,clear sky
67,Eyl,SO,7.9803,49.8164,78.17,73,51,32.53,broken clouds
68,Kodiak,US,57.79,-152.4072,60.31,59,100,5.75,overcast clouds
69,Ponta Do Sol,PT,32.6667,-17.1,78.12,72,35,9.13,scattered clouds
70,Cape Town,ZA,-33.9258,18.4232,60.28,87,75,14.97,broken clouds
71,Georgetown,MY,5.4112,100.3354,84.88,90,20,2.3,few clouds
72,Bredasdorp,ZA,-34.5322,20.0403,55.6,86,0,6.31,clear sky
73,Souillac,MU,-20.5167,57.5167,70.18,64,40,19.57,scattered clouds
74,Rawson,AR,-43.3002,-65.1023,51.66,45,70,22.75,broken clouds
75,Bulalacao,PH,12.3254,121.3435,79.68,81,90,4.54,overcast clouds
76,Korla,CN,41.7597,86.1469,78.64,28,50,7.99,scattered clouds
77,Kuntaur,GM,13.6667,-14.8833,97.09,35,21,12.41,few clouds
78,Puerto Ayora,EC,-0.7393,-90.3518,75.16,85,74,7.0,broken clouds
79,New Norfolk,AU,-42.7826,147.0587,38.7,75,92,4.0,overcast clouds
80,Barrow,US,71.2906,-156.7887,35.62,93,100,18.41,overcast clouds
81,Mount Gambier,AU,-37.8333,140.7667,46.36,78,93,9.89,overcast clouds
82,Avera,US,33.194,-82.5271,89.65,42,0,6.17,clear sky
83,Torbay,CA,47.6666,-52.7314,78.76,59,100,10.36,overcast clouds
84,Vanavara,RU,60.34,102.2797,51.4,89,63,3.13,broken clouds
85,Isangel,VU,-19.55,169.2667,74.19,86,84,15.08,broken clouds
86,Wufeng,CN,27.45,104.8333,63.39,99,100,3.69,light rain
87,Pangnirtung,CA,66.1451,-65.7125,44.6,81,40,14.97,scattered clouds
88,Atuona,PF,-9.8,-139.0333,77.95,77,21,21.03,few clouds
89,Sangar,RU,63.9242,127.4739,65.73,97,99,5.68,light rain
90,Tuatapere,NZ,-46.1333,167.6833,55.13,61,61,12.08,broken clouds
91,Bilibino,RU,68.0546,166.4372,30.83,71,47,17.02,scattered clouds
92,Beyneu,KZ,45.3167,55.2,98.15,15,0,14.99,clear sky
93,Marrakesh,MA,31.6315,-8.0083,102.27,29,40,9.22,scattered clouds
94,Tiksi,RU,71.6872,128.8694,36.77,78,99,4.21,overcast clouds
95,Demidov,RU,55.2706,31.515,58.86,74,98,3.51,overcast clouds
96,Vaini,TO,-21.2,-175.2,73.56,83,20,6.91,few clouds
97,Tautira,PF,-17.7333,-149.15,74.89,72,62,14.72,broken clouds
98,Bambous Virieux,MU,-20.3428,57.7575,70.05,64,40,19.57,scattered clouds
99,Chebsara,RU,59.2002,38.8356,60.13,76,63,0.85,broken clouds
100,Bluff,NZ,-46.6,168.3333,51.8,67,87,20.65,overcast clouds
101,Marica,BR,-22.9194,-42.8186,89.55,58,91,6.82,overcast clouds
102,Nanortalik,GL,60.1432,-45.2371,43.68,82,51,12.3,broken clouds
103,Ilulissat,GL,69.2167,-51.1,59.02,38,20,11.5,few clouds
104,Guerrero Negro,MX,27.9769,-114.0611,77.9,51,3,9.04,clear sky
105,Bernalillo,US,35.05,-106.6673,96.33,23,0,6.91,clear sky
106,Mahebourg,MU,-20.4081,57.7,70.09,64,40,19.57,scattered clouds
107,Ribeira Grande,PT,38.5167,-28.7,77.4,73,20,18.41,few clouds
108,Punta Arenas,CL,-53.15,-70.9167,37.51,70,0,11.5,clear sky
109,Vilyuysk,RU,63.7553,121.6247,61.14,98,77,4.32,broken clouds
110,Peniche,PT,39.3558,-9.3811,75.29,80,2,8.52,clear sky
111,Cidreira,BR,-30.1811,-50.2056,57.7,62,14,12.8,few clouds
112,Araguaina,BR,-7.1911,-48.2072,97.03,21,11,7.58,few clouds
113,Severo-Kurilsk,RU,50.6789,156.125,53.06,97,100,0.98,overcast clouds
114,Busselton,AU,-33.65,115.3333,53.15,93,100,13.13,overcast clouds
115,Kanuma,JP,36.55,139.7333,71.67,88,77,3.94,light rain
116,Kapit,MY,2.0167,112.9333,74.44,93,100,1.5,overcast clouds
117,Okhotsk,RU,59.3833,143.3,52.95,97,19,1.25,few clouds
118,Tirano,IT,46.2154,10.1679,86.43,83,17,3.53,few clouds
119,Leshukonskoye,RU,64.8989,45.7622,63.79,63,100,2.73,overcast clouds
120,Lom Sak,TH,16.7798,101.2422,77.22,92,55,1.72,broken clouds
121,Damara,CF,4.9608,18.7035,71.67,92,55,2.64,broken clouds
122,Biak,ID,-0.9131,122.8766,74.23,87,98,6.58,overcast clouds
123,Nyrob,RU,60.733,56.7202,62.08,70,76,2.84,broken clouds
124,Monte Alegre,BR,-2.0078,-54.0692,93.07,42,31,2.95,scattered clouds
125,Kaitangata,NZ,-46.2817,169.8464,42.12,90,90,3.15,overcast clouds
126,Roald,NO,62.5833,6.1333,61.9,82,75,21.85,broken clouds
127,Victoria,HK,22.2855,114.1577,87.33,81,100,11.01,overcast clouds
128,Bereda,ES,43.2686,-7.5406,88.41,57,42,4.45,light rain
129,Praia Da Vitoria,PT,38.7333,-27.0667,79.05,69,75,12.55,broken clouds
130,Donskoye,RU,45.4552,41.9741,82.53,47,41,5.48,scattered clouds
131,Saint Marys,US,30.7305,-81.5465,92.12,71,0,10.36,haze
132,Sorland,NO,67.667,12.6934,51.66,77,80,14.47,broken clouds
133,Yokadouma,CM,3.5167,15.05,70.75,98,98,2.08,light rain
134,Beringovskiy,RU,63.05,179.3167,51.71,66,60,32.1,broken clouds
135,Vangaindrano,MG,-23.35,47.6,64.15,86,12,5.97,light rain
136,Mataura,NZ,-46.1927,168.8643,51.48,88,86,5.84,overcast clouds
137,Egvekinot,RU,66.3167,-179.1667,34.72,46,74,22.44,broken clouds
138,Hefei,CN,31.8639,117.2808,78.82,89,75,6.71,broken clouds
139,Dikson,RU,73.5069,80.5464,45.1,79,65,8.77,broken clouds
140,Saskylakh,RU,71.9167,114.0833,46.87,59,90,5.91,overcast clouds
141,Mount Isa,AU,-20.7333,139.5,47.97,81,3,0.0,clear sky
142,Khatanga,RU,71.9667,102.5,57.81,62,100,5.06,overcast clouds
143,Jamestown,US,42.097,-79.2353,78.39,70,100,6.91,overcast clouds
144,Changde,CN,29.0464,111.6783,78.46,94,94,2.13,overcast clouds
145,Bahia Blanca,AR,-38.7196,-62.2724,59.56,29,86,19.55,overcast clouds
146,Ryotsu,JP,38.0833,138.4333,73.22,90,46,5.44,scattered clouds
147,Fantanele,RO,46.1167,21.4,77.52,29,0,9.22,clear sky
148,Port Lincoln,AU,-34.7333,135.8667,53.73,53,99,8.97,overcast clouds
149,Tuktoyaktuk,CA,69.4541,-133.0374,55.4,88,75,4.61,broken clouds
150,Dingle,PH,10.9995,122.6711,75.09,94,100,1.95,light rain
151,Imbituba,BR,-28.24,-48.6703,66.85,78,100,11.99,overcast clouds
152,Erdaojiang,CN,41.7764,126.0319,63.66,98,66,1.68,broken clouds
153,Kalinovskaya,RU,43.5758,45.5192,87.08,31,0,8.43,clear sky
154,Bengkulu,ID,-3.8004,102.2655,76.44,90,73,3.38,broken clouds
155,Wakkanai,JP,45.4094,141.6739,60.4,92,100,14.0,heavy intensity rain
156,Carnarvon,AU,-24.8667,113.6333,67.15,79,23,11.54,few clouds
157,Fortuna,US,40.5982,-124.1573,58.98,76,37,8.68,scattered clouds
158,Los Llanos De Aridane,ES,28.6585,-17.9182,72.12,81,0,16.11,clear sky
159,Prieska,ZA,-29.6641,22.7474,60.49,41,0,8.66,clear sky
160,Morondava,MG,-20.2833,44.2833,75.16,51,20,12.59,few clouds
161,Aranos,NA,-24.1333,19.1167,57.43,29,5,8.95,clear sky
162,Loviisa,FI,60.4566,26.2251,54.28,87,99,9.62,overcast clouds
163,Omegna,IT,45.8798,8.408,90.75,54,33,2.73,scattered clouds
164,Chuy,UY,-33.6971,-53.4616,52.18,62,0,12.55,clear sky
165,Touros,BR,-5.1989,-35.4608,80.44,75,67,17.25,broken clouds
166,Doha,QA,25.2867,51.5333,98.91,64,9,4.61,clear sky
167,Presidente Olegario,BR,-18.4178,-46.4181,83.52,22,90,6.96,overcast clouds
168,Palmas,BR,-10.2128,-48.3603,91.27,27,0,9.22,clear sky
169,Katsuura,JP,35.1333,140.3,76.6,92,37,14.25,light rain
170,Kalmunai,LK,7.4167,81.8167,81.84,81,100,2.86,overcast clouds
171,Namibe,AO,-15.1961,12.1522,63.23,88,100,12.66,overcast clouds
172,Isla Vista,US,34.4133,-119.861,96.39,49,0,4.72,clear sky
173,Bethel,US,41.3712,-73.414,86.52,62,20,6.91,few clouds
174,Berlevag,NO,70.8578,29.0864,55.4,87,100,4.61,overcast clouds
175,Port Augusta,AU,-32.5,137.7667,46.83,86,47,5.14,scattered clouds
176,Chokurdakh,RU,70.6333,147.9167,40.06,67,16,11.45,few clouds
177,Clyde River,CA,70.4692,-68.5914,35.83,87,100,13.8,overcast clouds
178,Harper,LR,4.375,-7.7169,76.37,77,100,11.07,overcast clouds
179,Ballitoville,ZA,-29.539,31.2144,66.34,72,0,14.97,clear sky
180,Talnakh,RU,69.4865,88.3972,58.21,71,95,3.85,overcast clouds
181,Malartic,CA,48.1335,-78.1328,82.02,53,36,2.68,scattered clouds
182,Corcoran,US,36.098,-119.5604,98.38,10,0,5.99,clear sky
183,Sokolo,ML,14.7328,-6.1219,90.82,41,86,9.37,overcast clouds
184,Pisco,PE,-13.7,-76.2167,64.02,72,3,9.22,haze
185,Alta Floresta,BR,-9.8756,-56.0861,98.42,23,40,12.66,scattered clouds
186,Nicolas Bravo,MX,18.45,-88.9167,91.92,41,45,5.39,scattered clouds
187,Sao Joao Da Barra,BR,-21.6403,-41.0511,87.89,71,87,17.76,overcast clouds
188,Mantua,IT,45.1667,10.7833,90.64,54,2,5.01,clear sky
189,Porbandar,IN,21.6422,69.6093,81.12,86,78,18.5,broken clouds
190,Gat,IL,31.61,34.7642,81.81,100,0,5.79,clear sky
191,Alofi,NU,-19.0595,-169.9187,71.49,94,24,5.75,few clouds
192,Atherton,GB,53.5237,-2.4935,88.29,34,95,5.99,overcast clouds
193,Saint Anthony,US,45.0205,-93.218,88.95,51,20,9.22,few clouds
194,La Ronge,CA,55.1001,-105.2842,77.22,46,75,8.05,broken clouds
195,Talaya,RU,61.3833,152.75,61.2,96,85,5.97,overcast clouds
196,Mabaruma,GY,8.2,-59.7833,83.28,81,33,5.12,scattered clouds
197,Mar Del Plata,AR,-38.0023,-57.5575,60.1,40,0,19.57,clear sky
198,Newport,GB,51.5877,-2.9984,83.68,41,85,8.32,overcast clouds
199,Kassala,SD,15.451,36.4,91.17,39,65,6.29,broken clouds
200,Najran,SA,17.4924,44.1277,92.05,25,88,10.45,overcast clouds
201,Aljezur,PT,37.3191,-8.8033,72.3,72,57,9.73,broken clouds
202,Shwebo,MM,22.5667,95.7,89.44,55,100,13.38,overcast clouds
203,Kahului,US,20.8947,-156.47,80.83,77,71,13.0,broken clouds
204,Duenas,PH,11.0672,122.6191,74.88,93,100,1.88,overcast clouds
205,Port-Gentil,GA,-0.7193,8.7815,76.96,78,40,11.5,scattered clouds
206,Simplicio Mendes,BR,-7.8539,-41.9103,92.97,22,12,9.33,few clouds
207,Mosetse,BW,-20.75,26.65,59.85,46,1,15.55,clear sky
208,Xuanhua,CN,40.6103,115.0447,72.37,44,24,4.41,few clouds
209,Raga,SS,8.4596,25.678,70.29,97,97,5.14,light rain
210,Ligayan,PH,4.6533,119.4706,82.99,69,99,5.97,overcast clouds
211,Haimen,CN,23.1935,116.6142,82.29,90,100,13.29,overcast clouds
212,Chenghai,CN,23.4632,116.768,82.31,83,0,2.24,clear sky
213,Fort Nelson,CA,58.8053,-122.7002,67.59,56,75,3.44,broken clouds
214,Twentynine Palms,US,34.1356,-116.0542,104.05,19,99,3.31,overcast clouds
215,Tasiilaq,GL,65.6145,-37.6368,50.16,78,88,6.06,overcast clouds
216,Kultuk,RU,51.7208,103.6956,54.79,89,19,2.55,few clouds
217,Coihaique,CL,-45.5752,-72.0662,42.75,61,75,4.61,broken clouds
218,Saint George,US,37.1041,-113.5841,101.79,23,0,8.99,clear sky
219,Rocha,UY,-34.4833,-54.3333,53.08,55,0,14.07,clear sky
220,Dawson Creek,CA,55.7666,-120.2362,67.64,45,0,11.5,clear sky
221,Sitka,US,57.0531,-135.33,55.29,88,100,9.22,moderate rain
222,Mormugao,IN,15.4,73.8,78.06,89,75,13.8,light intensity drizzle
223,San Patricio,US,28.017,-97.5169,95.07,36,82,12.01,broken clouds
224,Saint-Philippe,RE,-21.3585,55.7679,67.59,78,87,16.51,light rain
225,Santa Cruz Verapaz,GT,15.3667,-90.4333,75.96,65,20,4.61,few clouds
226,College,US,64.8569,-147.8028,60.08,77,100,4.61,light rain
227,Husavik,IS,66.0449,-17.3389,46.8,91,99,11.07,overcast clouds
228,Cabo San Lucas,MX,22.8909,-109.9124,92.61,32,0,9.22,clear sky
229,Corning,US,42.1428,-77.0547,87.12,57,90,5.14,overcast clouds
230,Miri,MY,4.4148,114.0089,77.14,100,20,0.0,few clouds
231,Ahipara,NZ,-35.1667,173.1667,48.13,84,90,5.59,overcast clouds
232,San Ciro De Acosta,MX,21.6333,-99.8167,85.69,37,69,6.85,broken clouds
233,Thaton,MM,16.9206,97.3714,79.05,88,67,3.49,broken clouds
234,Petauke,ZM,-14.2426,31.3253,59.52,56,64,9.82,broken clouds
235,Palmer,US,42.1584,-72.3287,89.51,50,40,8.05,scattered clouds
236,Kununurra,AU,-15.7667,128.7333,53.58,76,20,0.0,few clouds
237,Oranjemund,NA,-28.55,16.4333,60.31,67,6,0.6,clear sky
238,Richards Bay,ZA,-28.783,32.0377,66.79,80,0,11.83,clear sky
239,Buala,SB,-8.145,159.5921,79.0,82,68,8.12,broken clouds
240,Mackay,AU,-21.15,149.2,62.69,90,7,8.79,clear sky
241,Saint-Augustin,CA,51.226,-58.6502,66.04,72,100,19.3,overcast clouds
242,Eydhafushi,MV,5.1033,73.0708,80.96,80,100,20.96,overcast clouds
243,Iwanai,JP,42.9744,140.5089,65.19,99,99,1.79,overcast clouds
244,Yantarnyy,RU,54.8717,19.9381,65.75,72,81,16.02,broken clouds
245,Caluquembe,AO,-13.7833,14.6833,61.72,33,37,3.31,scattered clouds
246,Komsomolskiy,UZ,40.4272,71.7189,84.92,32,0,4.61,clear sky
247,Aguimes,ES,27.9054,-15.4461,75.67,65,40,34.52,scattered clouds
248,Yerbogachen,RU,61.2767,108.0108,57.4,78,93,2.59,overcast clouds
249,Roquetas De Mar,ES,36.7642,-2.6148,86.61,58,0,6.64,clear sky
250,Keta,GH,5.9179,0.9879,80.82,81,52,15.05,broken clouds
251,Payo,ID,-3.7508,103.6372,73.53,94,93,2.19,overcast clouds
252,Hami,CN,42.8,93.45,83.25,23,8,4.12,clear sky
253,Shimoda,JP,34.6667,138.95,73.11,92,59,11.59,broken clouds
254,Kruisfontein,ZA,-34.0033,24.7314,74.88,27,1,9.75,clear sky
255,Arcos,BR,-20.2819,-45.5394,85.39,29,81,0.36,broken clouds
256,Auki,SB,-8.7676,160.7034,76.35,88,31,4.5,scattered clouds
257,Viedma,AR,-40.8135,-62.9967,54.77,36,42,28.5,scattered clouds
258,Maragogi,BR,-9.0122,-35.2225,77.02,77,19,12.97,few clouds
259,Asau,RO,46.4333,26.4,69.28,49,30,8.39,scattered clouds
260,Yulara,AU,-25.2406,130.9889,50.05,26,19,9.62,few clouds
261,Kpalime,TG,6.9,0.6333,74.46,88,81,5.66,light rain
262,Lipin Bor,RU,60.2622,37.9763,61.16,67,70,3.98,broken clouds
263,Henties Bay,NA,-22.116,14.2845,67.77,48,3,9.66,clear sky
264,Saint-Joseph,RE,-21.3667,55.6167,66.58,76,64,17.13,light rain
265,Paamiut,GL,61.994,-49.6678,42.08,90,100,7.16,overcast clouds
266,Bestobe,KZ,52.4994,73.0975,65.61,53,93,6.93,overcast clouds
267,Miamisburg,US,39.6428,-84.2866,75.43,95,75,6.91,moderate rain
268,Conde,BR,-7.2597,-34.9075,76.46,88,75,17.27,broken clouds
269,Baykit,RU,61.67,96.37,51.66,96,71,3.27,broken clouds
270,Namatanai,PG,-3.6667,152.4333,78.8,80,36,9.06,scattered clouds
271,Castelldefels,ES,41.2779,1.9703,92.71,53,0,6.91,clear sky
272,Komsomolskoye,RU,55.2567,47.5461,66.34,85,24,5.59,few clouds
273,Vagur,FO,61.4732,-6.8119,50.97,83,98,24.52,overcast clouds
274,Sochaczew,PL,52.2294,20.2384,71.2,46,93,7.0,overcast clouds
275,Carndonagh,IE,55.25,-7.2667,74.82,76,100,4.54,overcast clouds
276,Bereznehuvate,UA,47.3078,32.8499,68.85,39,46,6.69,scattered clouds
277,Tevaitoa,PF,-16.7833,-151.5,76.35,71,82,19.37,broken clouds
278,Virginia Beach,US,36.8529,-75.978,93.02,62,40,11.5,scattered clouds
279,Hofn,IS,64.2539,-15.2082,62.62,63,20,11.5,few clouds
280,Talcahuano,CL,-36.7167,-73.1167,51.48,93,100,9.22,overcast clouds
281,Kungurtug,RU,50.5994,97.5228,51.69,66,32,1.74,scattered clouds
282,Iquique,CL,-20.2208,-70.1431,59.04,66,22,8.86,few clouds
283,Rialma,BR,-15.315,-49.5844,91.96,16,22,8.32,few clouds
284,Alyangula,AU,-13.8483,136.4192,67.71,91,32,9.04,scattered clouds
285,Aksarka,RU,66.5606,67.7975,61.14,57,31,2.71,scattered clouds
286,Srandakan,ID,-7.9386,110.2506,75.69,87,100,6.33,overcast clouds
287,Barsovo,RU,61.1667,73.1667,62.73,69,76,7.63,broken clouds
288,Arraial Do Cabo,BR,-22.9661,-42.0278,87.76,54,0,10.36,clear sky
289,Nyurba,RU,63.2842,118.3319,56.01,96,98,3.85,overcast clouds
290,Saravena,CO,6.9538,-71.8752,87.19,59,78,1.59,broken clouds
291,Fushun,CN,41.8558,123.9233,67.71,95,42,4.0,moderate rain
292,Hamilton,US,39.1834,-84.5333,75.76,93,40,8.05,mist
293,General Roca,AR,-39.0333,-67.5833,52.0,38,98,18.43,overcast clouds
294,Koulamoutou,GA,-1.1303,12.4736,80.91,56,96,2.62,overcast clouds
295,Umm Lajj,SA,25.0213,37.2685,86.13,58,70,5.82,broken clouds
296,Nikolskoye,RU,59.7035,30.7861,58.91,94,98,5.99,overcast clouds
297,Marondera,ZW,-18.1853,31.5519,50.31,74,94,9.86,overcast clouds
298,Goma,CD,-1.6792,29.2228,69.55,64,100,2.91,overcast clouds
299,Villeneuve-Sur-Lot,FR,44.5,0.6667,98.65,27,13,9.1,few clouds
300,Mahajanga,MG,-15.7167,46.3167,80.62,50,40,8.05,scattered clouds
301,Codrington,AU,-38.2667,141.9667,48.58,67,96,18.19,overcast clouds
302,Vila Velha,BR,-20.3297,-40.2925,85.95,72,20,11.5,few clouds
303,Saldanha,ZA,-33.0117,17.9442,59.05,93,0,7.96,clear sky
304,Axim,GH,4.8699,-2.2405,76.24,76,63,9.44,broken clouds
305,Upernavik,GL,72.7868,-56.1549,41.18,86,53,15.14,broken clouds
306,Erenhot,CN,43.6475,111.9767,71.31,26,78,5.79,broken clouds
307,Xuchang,CN,34.0167,113.8167,80.26,67,3,2.55,clear sky
308,Salalah,OM,17.0151,54.0924,78.89,94,100,8.05,overcast clouds
309,Calvinia,ZA,-31.4707,19.776,59.45,33,2,6.58,clear sky
310,Siniscola,IT,40.5719,9.6922,87.35,57,0,5.77,clear sky
311,Puerto Escondido,MX,15.85,-97.0667,85.26,63,100,4.9,overcast clouds
312,Tiarei,PF,-17.5333,-149.3333,71.62,71,69,15.7,broken clouds
313,Monrovia,LR,6.3005,-10.7969,80.37,85,100,13.0,light rain
314,Brentwood,US,40.7812,-73.2462,84.36,72,75,12.66,broken clouds
315,Kaseda,JP,31.4167,130.3167,77.9,85,97,4.81,overcast clouds
316,Abbeville,FR,50.1,1.8333,84.49,17,77,8.61,broken clouds
317,Yaan,NG,7.3833,8.5667,76.51,76,100,4.09,overcast clouds
318,Ayna,PE,-12.65,-73.9167,72.19,57,37,4.99,scattered clouds
319,Sao Filipe,CV,14.8961,-24.4956,76.1,79,31,15.32,scattered clouds
320,Sinnamary,GF,5.3833,-52.95,82.35,71,78,6.55,broken clouds
321,Karratha,AU,-20.7377,116.8463,65.75,64,1,6.11,clear sky
322,Aanekoski,FI,62.6946,25.818,57.85,12,87,6.15,overcast clouds
323,Altay,CN,47.8667,88.1167,66.9,48,31,5.97,scattered clouds
324,Luganville,VU,-15.5333,167.1667,77.4,87,75,14.18,broken clouds
325,Constitucion,CL,-35.3333,-72.4167,48.67,91,100,13.58,moderate rain
326,Carbonia,IT,39.1672,8.5222,85.01,44,0,5.23,clear sky
327,Leningradskiy,RU,69.3833,178.4167,31.98,82,60,21.79,broken clouds
328,Christchurch,NZ,-43.5333,172.6333,53.8,58,59,5.75,broken clouds
329,Kemijarvi,FI,66.7131,27.4306,61.45,70,74,2.91,broken clouds
330,Rio Gallegos,AR,-51.6226,-69.2181,28.45,80,75,2.3,broken clouds
331,Key West,US,24.5557,-81.7826,93.2,65,0,11.5,clear sky
332,Panguna,PG,-6.3164,155.4848,66.85,97,40,2.35,scattered clouds
333,Ulfborg,DK,56.2673,8.3217,63.99,87,98,11.14,light rain
334,Yuli,NG,9.6989,10.2744,72.46,96,100,1.9,overcast clouds
335,Vitim,RU,59.4511,112.5578,55.83,75,100,3.49,overcast clouds
336,Westerland,DE,54.9079,8.3033,64.02,82,0,12.66,clear sky
337,Iralaya,HN,15.0,-83.2333,84.85,70,9,11.45,clear sky
338,Provideniya,RU,64.3833,-173.3,51.15,95,100,6.33,overcast clouds
339,Quetzaltenango,GT,14.8333,-91.5167,70.38,64,0,11.5,clear sky
340,Acarau,BR,-2.8856,-40.12,84.42,66,51,16.84,broken clouds
341,Pevek,RU,69.7008,170.3133,31.03,94,100,35.19,light snow
342,Kedrovyy,RU,56.1667,91.8167,57.87,98,66,4.94,light rain
343,Ramgarh,IN,23.6333,85.5167,80.65,91,19,9.51,few clouds
344,Bubaque,GW,11.2833,-15.8333,81.27,84,95,13.35,light rain
345,Hualmay,PE,-11.0964,-77.6139,65.82,71,29,9.6,scattered clouds
346,Laguna,US,38.421,-121.4238,98.94,43,0,8.05,clear sky
347,Coro,VE,11.4045,-69.6734,88.34,62,47,21.41,scattered clouds
348,Kamloops,CA,50.6665,-120.3192,70.79,59,75,11.5,broken clouds
349,Hearst,CA,49.6835,-83.6665,82.65,30,23,6.69,few clouds
350,Xihe,CN,31.6864,113.4659,79.14,86,8,0.72,clear sky
351,San Cristobal,VE,7.7669,-72.225,80.78,58,78,7.31,broken clouds
352,Divnomorskoye,RU,44.5011,38.1353,75.9,62,82,7.0,broken clouds
353,Dicabisagan,PH,17.0818,122.4157,79.07,88,44,2.53,scattered clouds
354,Derzhavinsk,KZ,51.1,66.3167,71.87,62,32,9.6,scattered clouds
355,Inhambane,MZ,-23.865,35.3833,67.17,85,2,7.83,clear sky
356,Srednekolymsk,RU,67.45,153.6833,45.46,49,1,4.25,clear sky
357,Irbil,IQ,36.1926,44.0106,100.22,11,0,9.22,clear sky
358,Klyuchi,RU,52.2667,79.1667,61.99,61,3,13.56,clear sky
359,Cotonou,BJ,6.3654,2.4183,80.58,78,40,13.8,scattered clouds
360,Maldonado,UY,-34.6667,-54.9167,53.22,55,0,15.48,clear sky
361,Ust-Kuyga,RU,70.0167,135.6,43.92,66,99,4.5,overcast clouds
362,Betma,IN,22.6833,75.6167,77.22,88,40,8.05,moderate rain
363,Narsaq,GL,60.9167,-46.05,59.22,65,9,9.64,clear sky
364,Atasu,KZ,48.6814,71.6433,71.2,54,49,9.73,scattered clouds
365,Kermanshah,IR,34.3142,47.065,86.9,5,0,0.0,clear sky
366,Vanimo,PG,-2.6741,141.3028,75.6,89,100,3.65,overcast clouds
367,Presidencia Roque Saenz Pena,AR,-26.7852,-60.4388,62.42,39,0,4.74,clear sky
368,Thinadhoo,MV,0.5333,72.9333,77.07,88,100,28.79,overcast clouds
369,Yuanping,CN,38.7153,112.7575,68.36,39,86,4.65,overcast clouds
370,Vibo Valentia,IT,38.6996,16.1274,77.59,73,3,1.48,clear sky
371,Vostok,RU,46.4856,135.8833,55.27,93,88,2.3,overcast clouds
372,Pozo Colorado,PY,-23.4923,-58.7972,65.82,34,83,4.85,broken clouds
373,Lac Du Bonnet,CA,50.2536,-96.0612,88.32,49,9,8.37,clear sky
374,Forbes,AU,-33.3833,148.0167,45.91,97,44,6.89,scattered clouds
375,Havre-Saint-Pierre,CA,50.2334,-63.5986,68.36,68,0,17.27,clear sky
376,Lompoc,US,34.6391,-120.4579,90.01,49,3,5.97,clear sky
377,Kuytun,RU,54.3419,101.5036,53.92,93,91,6.76,overcast clouds
378,Barhi,IN,23.9,80.8,84.36,68,63,5.66,broken clouds
379,Coihueco,CL,-36.6167,-71.8333,41.74,93,100,20.71,moderate rain
380,Kaduqli,SD,11.0167,29.7167,80.44,62,74,2.17,light rain
381,Miquelon,PM,47.0975,-56.3814,68.0,91,100,11.97,overcast clouds
382,Boromo,BF,11.75,-2.9333,80.38,73,95,4.61,overcast clouds
383,Mayumba,GA,-3.432,10.6554,71.29,84,68,6.22,broken clouds
384,Solnechnyy,RU,50.7214,136.6319,60.12,78,91,3.29,overcast clouds
385,Teteven,BG,42.9167,24.2667,71.42,26,6,6.11,clear sky
386,Matara,LK,5.9485,80.5353,79.0,85,100,9.06,overcast clouds
387,Mhlume,SZ,-26.0333,31.85,62.44,82,0,2.06,clear sky
388,Sandakan,MY,5.8402,118.1179,76.68,88,20,2.3,few clouds
389,Belyy Yar,RU,53.6039,91.3903,66.09,77,40,13.42,light rain
390,Margate,GB,51.3813,1.3862,81.1,59,82,12.59,broken clouds
391,Conakry,GN,9.538,-13.6773,82.47,78,75,11.5,broken clouds
392,Vaitape,PF,-16.5167,-151.75,76.57,72,65,19.26,light rain
393,Norman Wells,CA,65.282,-126.8329,64.44,77,75,5.75,broken clouds
394,Portland,US,45.5234,-122.6762,72.81,55,75,8.05,broken clouds
395,Moree,AU,-29.4667,149.85,51.64,76,58,6.82,broken clouds
396,Broken Hill,AU,-31.95,141.4333,42.31,91,7,7.25,clear sky
397,Kaset Sombun,TH,16.2805,101.9542,78.21,88,35,4.25,scattered clouds
398,Mikuni,JP,36.2171,136.1519,73.31,86,99,5.95,overcast clouds
399,Esso,RU,55.9333,158.7,56.62,82,34,5.28,scattered clouds
400,Nyimba,ZM,-14.5566,30.8149,65.32,49,66,9.48,broken clouds
401,Pacanga,PE,-7.1667,-79.5,74.25,53,6,13.2,clear sky
402,Bandarbeyla,SO,9.4942,50.8122,76.84,80,13,35.77,few clouds
403,Dorado,PR,18.4588,-66.2677,91.53,76,40,14.97,haze
404,Nouadhibou,MR,20.931,-17.0347,75.18,73,3,31.07,sand
405,Itupiranga,BR,-5.1347,-49.3267,98.92,28,28,3.96,scattered clouds
406,Kieta,PG,-6.2167,155.6333,78.44,84,41,5.26,scattered clouds
407,Alice Springs,AU,-23.7,133.8833,36.95,38,0,0.0,clear sky
408,Shaunavon,CA,49.6501,-108.4181,83.98,24,49,5.41,scattered clouds
409,Zhigansk,RU,66.7697,123.3711,54.5,68,100,12.01,overcast clouds
410,Uige,AO,-7.6087,15.0613,79.09,29,82,1.23,broken clouds
411,Aklavik,CA,68.2191,-135.0107,57.2,100,40,2.3,scattered clouds
412,Ostrovnoy,RU,68.0531,39.5131,61.07,67,38,11.32,scattered clouds
413,Aleksandrovsk-Sakhalinskiy,RU,50.8975,142.1561,57.04,87,100,3.27,light rain
414,Moron,AR,-34.6534,-58.6198,59.02,50,0,10.92,clear sky
415,Ordu,TR,40.9086,37.6845,58.68,94,50,3.02,heavy intensity rain
416,Adrar,MR,20.5022,-10.0711,110.43,7,9,12.06,clear sky
417,Hasaki,JP,35.7333,140.8333,75.6,90,54,9.64,broken clouds
418,Gao,ML,16.6362,1.637,98.37,27,13,10.27,few clouds
419,Porto Novo,BJ,6.4965,2.6036,80.42,80,57,8.9,broken clouds
420,Traiguen,CL,-38.25,-72.6833,44.67,92,100,8.75,overcast clouds
421,Belaya Gora,RU,68.5333,146.4167,47.37,60,12,3.24,few clouds
422,Maniitsoq,GL,65.4167,-52.9,42.44,94,100,15.23,moderate rain
423,Penzance,GB,50.1186,-5.5371,74.08,60,100,10.22,overcast clouds
424,Vestmanna,FO,62.1564,-7.1664,49.12,93,100,10.36,overcast clouds
425,Pentecoste,BR,-3.7928,-39.2703,86.2,52,61,10.92,broken clouds
426,Toguchin,RU,55.2353,84.3858,49.69,95,12,9.26,few clouds
427,Dukat,RU,62.55,155.55,50.83,93,100,4.74,light rain
428,Kupang,ID,-10.1667,123.5833,71.02,81,0,8.19,clear sky
429,Usinsk,RU,65.9939,57.5281,63.27,90,99,1.23,overcast clouds
430,Half Moon Bay,US,37.4636,-122.4286,83.8,72,40,13.8,mist
431,Marsh Harbour,BS,26.5412,-77.0636,84.04,73,72,17.2,broken clouds
432,Praya,CV,14.9215,-23.5087,82.94,61,20,21.85,few clouds
433,Boa Vista,BR,2.8197,-60.6733,91.38,49,75,8.05,broken clouds
434,Kitui,KE,-1.367,38.0106,67.69,57,97,10.49,overcast clouds
435,Evensk,RU,61.95,159.2333,52.83,97,100,2.8,light rain
436,La Poza,MX,20.1167,-96.9667,87.37,59,89,5.55,overcast clouds
437,Benguela,AO,-12.5763,13.4055,68.23,85,70,5.35,broken clouds
438,Dana Point,US,33.467,-117.6981,95.94,72,67,5.01,broken clouds
439,Saurimo,AO,-9.6608,20.3916,69.73,32,4,5.64,clear sky
440,Cururupu,BR,-1.8283,-44.8683,86.88,56,49,5.84,scattered clouds
441,Nome,US,64.5011,-165.4064,53.17,59,0,5.75,clear sky
442,Kitimat,CA,54.0524,-128.6534,60.91,20,95,1.54,overcast clouds
443,Minsk,BY,53.9,27.5667,60.55,88,50,7.43,scattered clouds
444,Piste,MX,20.7,-88.5833,97.77,34,12,3.2,few clouds
445,Kotlas,RU,61.2611,46.6556,59.23,86,71,1.66,broken clouds
446,Abu Samrah,SY,35.3029,37.1841,85.48,34,0,11.77,clear sky
447,Nago,JP,26.5881,127.9761,82.83,88,100,17.72,moderate rain
448,Sangmelima,CM,2.9333,11.9833,70.68,83,100,1.79,overcast clouds
449,Longyearbyen,SJ,78.2186,15.6401,48.04,81,75,2.3,broken clouds
450,Nha Trang,VN,12.25,109.1833,78.8,88,72,5.17,broken clouds
451,Farafangana,MG,-22.8167,47.8333,66.43,78,11,7.92,light rain
452,Rio Grande,BR,-32.035,-52.0986,57.31,61,3,13.22,clear sky
453,Kampong Cham,KH,11.9934,105.4635,78.28,90,63,5.7,moderate rain
454,Jimma,ET,7.6667,36.8333,61.16,96,96,1.92,light rain
455,Dengzhou,CN,37.8086,120.7508,72.59,86,13,3.4,few clouds
456,Bulolo,PG,-7.2,146.65,67.46,97,93,1.48,overcast clouds
457,Mana,GF,5.6592,-53.7767,82.62,73,70,7.63,broken clouds
458,Lengshuitan,CN,26.4111,111.5956,80.82,87,100,4.72,overcast clouds
459,Akwatia,GH,6.0402,-0.8088,75.13,84,81,6.17,broken clouds
460,Minbu,MM,20.1833,94.8833,81.77,77,86,7.56,overcast clouds
461,Isparta,TR,38.0,31.0,70.36,42,0,12.15,clear sky
462,Hirara,JP,24.8,125.2833,84.76,87,99,22.95,overcast clouds
463,Sarakhs,IR,36.5449,61.1577,92.68,9,0,13.31,clear sky
464,Mehamn,NO,71.0357,27.8492,55.35,76,40,6.91,scattered clouds
465,Huangpi,CN,30.8845,114.3779,84.31,84,0,6.71,clear sky
466,Lamu,KE,-2.2717,40.902,75.74,81,27,18.19,scattered clouds
467,Ganzhou,CN,28.8184,115.4327,78.57,82,95,2.1,overcast clouds
468,Nelson Bay,AU,-32.7167,152.15,57.0,81,0,5.99,clear sky
469,Mount Pleasant,US,32.7941,-79.8626,87.31,80,0,9.22,clear sky
470,Taber,CA,49.8167,-112.1518,73.6,64,2,12.66,clear sky
471,Ayagoz,KZ,47.9714,80.4392,65.53,63,75,8.84,broken clouds
472,Borger,NL,52.9233,6.7931,76.82,57,99,5.26,overcast clouds
473,Galesong,ID,-5.3166,119.3661,77.02,82,78,6.46,broken clouds
474,Kysyl-Syr,RU,63.8986,122.7617,63.05,97,78,3.98,broken clouds
475,Sisimiut,GL,66.9395,-53.6735,46.99,76,96,2.98,overcast clouds
476,Ilkal,IN,15.9667,76.1333,74.7,82,100,17.31,moderate rain
477,Mayo,US,38.8876,-76.5119,87.37,78,0,8.05,clear sky
478,Manadhoo,MV,5.7667,73.3833,81.19,79,100,18.99,overcast clouds
479,Jijiga,ET,9.35,42.8,66.38,65,64,13.94,broken clouds
480,Ati,TD,13.2154,18.3353,79.88,70,88,11.34,overcast clouds
481,Salinas,US,36.6777,-121.6555,76.01,63,20,4.61,few clouds
482,Vao,NC,-22.6667,167.4833,70.32,74,93,18.77,overcast clouds
483,Great Yarmouth,GB,52.6083,1.7305,80.85,55,86,14.9,overcast clouds
484,Tateyama,JP,34.9833,139.8667,75.09,91,46,15.61,light rain
485,Honiara,SB,-9.4333,159.95,75.99,85,59,7.38,broken clouds
486,Camacha,PT,33.0833,-16.3333,72.82,64,20,16.11,few clouds
487,Zabid,YE,14.1951,43.3152,88.9,53,92,14.54,overcast clouds
488,Mao,ES,39.8885,4.2658,88.36,51,0,5.75,clear sky
489,Menongue,AO,-14.6585,17.691,58.82,34,2,5.93,clear sky
490,Lazaro Cardenas,MX,17.9583,-102.2,87.58,59,90,4.09,overcast clouds
491,Providencia,MX,28.7167,-111.5833,94.21,58,90,7.18,overcast clouds
492,Klaksvik,FO,62.2266,-6.589,50.92,84,81,22.93,broken clouds
493,Port Hedland,AU,-20.3167,118.5667,55.45,62,0,5.75,clear sky
494,Faanui,PF,-16.4833,-151.75,76.59,72,62,19.1,light rain
495,Chapais,CA,49.7834,-74.8492,74.98,31,79,8.03,broken clouds
496,La Malbaie,CA,47.6575,-70.1559,79.34,68,35,5.44,scattered clouds
497,Leh,IN,34.1667,77.5833,64.87,48,93,3.76,overcast clouds
498,Jodhpur,IN,26.2867,73.03,90.16,60,74,6.6,broken clouds
499,Alekseyevsk,RU,57.8406,108.3492,54.46,95,24,2.35,few clouds
500,Tanete,ID,-3.9443,119.7848,72.91,97,100,2.15,light rain
501,Sretensk,RU,52.2453,117.7093,60.37,99,100,2.53,overcast clouds
502,Dhandhuka,IN,22.3667,71.9833,82.83,78,98,14.56,overcast clouds
503,Tapes,BR,-30.6733,-51.3958,57.78,61,9,8.19,clear sky
504,Ailigandi,PA,9.2333,-78.0167,83.53,71,100,6.44,overcast clouds
505,Burns Lake,CA,54.2331,-125.7533,58.42,45,15,4.36,few clouds
506,Santos Dumont,BR,-21.4567,-43.5525,86.11,28,100,6.82,overcast clouds
507,Krasnoselkup,RU,65.7,82.4667,52.57,80,48,10.11,scattered clouds
508,Dayong,CN,25.0209,118.2898,79.75,93,100,1.95,overcast clouds
509,Khandyga,RU,62.6667,135.6,67.48,86,5,2.75,clear sky
510,Puerto Del Rosario,ES,28.5004,-13.8627,76.75,73,20,21.85,few clouds
511,Mariakani,KE,-3.8633,39.4736,70.41,85,39,9.84,scattered clouds
512,Umba,RU,66.6871,34.3429,56.3,80,25,8.25,light rain
513,Seymchan,RU,62.8833,152.4333,54.82,93,100,7.58,overcast clouds
514,Riviere-Au-Renard,CA,48.9957,-64.3971,66.49,66,50,6.2,scattered clouds
515,Samarai,PG,-10.6167,150.6667,78.84,84,33,8.32,light rain
516,Zhizdra,RU,53.746,34.7395,55.85,91,87,4.68,overcast clouds
517,Ca Mau,VN,9.1769,105.15,78.17,90,74,4.03,broken clouds
518,Bocas Del Toro,PA,9.3333,-82.25,82.42,71,75,7.25,broken clouds
519,Gwanda,ZW,-20.9333,29.0,55.13,72,9,6.78,clear sky
520,Saint-Pierre,RE,-21.3393,55.4781,69.91,72,40,14.97,scattered clouds
521,Mushie,CD,-3.0167,16.9,86.5,37,63,2.08,broken clouds
522,Atar,MR,20.5169,-13.0499,113.68,6,8,18.19,clear sky
523,Gornorechenskiy,RU,44.2624,135.1133,58.57,98,99,0.94,overcast clouds
524,Nurota,UZ,40.5614,65.6886,89.37,14,0,15.68,clear sky
525,Trairi,BR,-3.2778,-39.2689,85.14,61,63,14.43,broken clouds
526,Antofagasta,CL,-23.65,-70.4,58.28,65,0,8.66,clear sky
527,Tomball,US,30.0972,-95.6161,97.92,46,35,3.0,scattered clouds
528,Grand Forks,US,47.9417,-97.4337,87.73,62,0,10.36,clear sky
529,Sainte-Maxime,FR,43.3,6.6333,94.12,59,7,2.39,clear sky
530,Prince Rupert,CA,54.3161,-130.3201,55.49,88,40,3.44,scattered clouds
531,Northam,GB,51.0333,-4.2167,83.25,37,99,2.73,overcast clouds
532,Matata,NZ,-37.8833,176.75,42.85,87,97,4.12,overcast clouds
533,Raipur,IN,21.2333,81.6333,78.94,94,40,3.44,mist
534,Pitimbu,BR,-7.4706,-34.8086,77.59,80,50,18.14,scattered clouds
535,Puerto Berrio,CO,6.4916,-74.4033,89.24,55,88,4.65,overcast clouds
536,Binga,ZW,-17.6203,27.3414,63.41,47,2,1.88,clear sky
537,Olga,RU,43.7444,135.2892,59.92,93,100,5.01,overcast clouds
538,Chicama,PE,-7.8447,-79.1469,61.34,57,22,10.42,few clouds
539,Whitehorse,CA,60.7161,-135.0538,53.02,87,75,17.27,broken clouds
540,Yumen,CN,40.2833,97.2,76.66,37,98,10.25,overcast clouds
541,Gushikawa,JP,26.3544,127.8686,81.99,89,100,14.97,moderate rain
542,Berbera,SO,10.4396,45.0143,92.84,39,14,17.72,few clouds
543,Sabang,ID,5.8933,95.3214,82.24,75,75,6.46,broken clouds
544,Yakeshi,CN,49.2833,120.7333,61.0,91,100,3.29,overcast clouds
545,George Town,MY,5.4112,100.3354,84.88,90,20,2.3,few clouds
546,Arlit,NE,18.7369,7.3853,95.61,28,45,16.58,scattered clouds
547,Lorengau,PG,-2.0226,147.2712,81.5,80,90,9.71,heavy intensity rain
548,Vardo,NO,70.3705,31.1107,57.18,82,0,5.75,clear sky
549,Myitkyina,MM,25.3833,97.4,76.23,98,45,1.7,scattered clouds
550,Arazede,PT,40.2863,-8.65,73.04,61,22,8.21,few clouds
551,Weston,US,26.1004,-80.3998,93.0,66,84,5.99,broken clouds
552,Candolim,IN,15.5181,73.7626,78.8,89,75,13.8,light intensity drizzle
553,Alenquer,BR,-1.9417,-54.7383,92.73,40,29,6.02,scattered clouds
554,Hay River,CA,60.8156,-115.7999,73.38,56,100,12.66,overcast clouds
555,Timra,SE,62.487,17.3257,59.68,55,100,10.36,light rain
556,Moranbah,AU,-22.0016,148.0466,56.28,82,66,6.22,broken clouds
557,Neiafu,TO,-18.65,-173.9833,74.08,88,75,9.22,broken clouds
558,Telc,CZ,49.1842,15.4528,70.9,61,21,4.27,few clouds
559,Bac Lieu,VN,9.285,105.7244,79.83,86,89,7.07,overcast clouds
560,Craig,US,40.5153,-107.5464,82.35,34,0,5.75,clear sky
561,Tarapur,IN,19.85,72.7,80.11,87,99,15.7,overcast clouds
562,Ketchikan,US,55.3422,-131.6461,57.67,88,100,11.5,overcast clouds
563,Sarh,TD,9.1429,18.3923,78.71,78,0,5.75,clear sky
564,Sampit,ID,-2.5333,112.95,71.64,93,100,3.44,overcast clouds
565,Goderich,CA,43.7501,-81.7165,73.72,73,100,8.05,overcast clouds
566,Vila Franca Do Campo,PT,37.7167,-25.4333,70.21,71,47,5.91,scattered clouds
567,Baijiantan,CN,45.6333,85.1833,89.92,18,38,6.96,scattered clouds
568,Port Hardy,CA,50.6996,-127.4199,55.58,88,100,8.05,light intensity drizzle
569,Zhangzhou,CN,24.5133,117.6556,85.93,89,100,1.97,overcast clouds
570,Sobolevo,RU,54.4299,31.8996,55.96,84,88,5.44,light rain
571,Saint-Francois,FR,46.4154,3.9054,87.24,30,0,4.61,clear sky
572,Ojinaga,MX,29.5667,-104.4167,96.42,36,0,6.91,clear sky
573,Calatayud,ES,41.3535,-1.6432,100.06,14,2,6.73,clear sky
574,Ambilobe,MG,-13.2,49.05,71.73,56,60,6.22,broken clouds
575,Egra,CZ,50.0796,12.3739,76.93,48,20,4.27,few clouds
576,Bibiani,GH,6.4635,-2.3194,72.63,95,77,3.87,light rain
577,Comodoro Rivadavia,AR,-45.8667,-67.5,48.06,46,0,24.16,clear sky
578,Kisangani,CD,0.5167,25.2,72.43,94,93,2.3,moderate rain
579,Oban,GB,56.4127,-5.4706,66.38,79,100,1.81,light rain
580,Mabay,PH,6.0577,124.4666,78.58,82,94,5.35,moderate rain
581,Dakar,SN,14.6937,-17.4441,85.08,65,75,16.11,broken clouds
582,Sa Kaeo,TH,13.75,102.3333,76.96,88,99,5.12,overcast clouds
583,Jalu,LY,29.0331,21.5482,92.16,19,0,11.01,clear sky
584,Zhanjiang,CN,21.2815,110.3427,82.0,90,100,7.0,overcast clouds
585,San Lorenzo,PY,-25.3333,-57.5333,59.94,58,75,5.99,broken clouds
586,Yeppoon,AU,-23.1333,150.7333,51.58,89,75,5.91,broken clouds
587,Bagdarin,RU,54.4333,113.6,52.52,97,94,2.37,overcast clouds
588,Khorinsk,RU,52.1657,109.7726,56.21,51,3,1.54,clear sky
589,Soskovo,RU,52.7475,35.3828,54.97,91,88,4.41,light rain
590,Teeli,RU,51.0333,90.2333,55.17,81,87,2.75,overcast clouds
591,Yarmouth,US,41.7057,-70.2286,85.17,75,40,9.22,scattered clouds
592,Uray,RU,60.1247,64.7758,61.83,57,89,1.07,overcast clouds
593,Templin,DE,53.1186,13.5022,71.82,47,18,7.72,few clouds
594,Lubben,DE,51.95,13.9,75.25,41,28,3.53,scattered clouds
595,Wageningen,NL,51.9667,5.6667,79.03,39,100,5.75,overcast clouds
596,Quartucciu,IT,39.2519,9.1794,86.02,61,0,12.66,clear sky
597,Buraydah,SA,26.326,43.975,99.05,9,67,8.57,broken clouds
598,Bangkalan,ID,-7.0455,112.7351,78.75,84,100,9.22,overcast clouds
599,Le Portel,FR,50.7056,1.5757,83.89,43,94,6.76,overcast clouds
600,Cairns,AU,-16.9167,145.7667,67.95,85,100,6.91,overcast clouds
601,Ucluelet,CA,48.9329,-125.5528,61.11,89,70,1.01,broken clouds
602,North Bend,US,43.4065,-124.2243,73.24,88,0,1.99,clear sky
603,Sri Aman,MY,1.2376,111.4621,75.25,94,98,0.0,overcast clouds
604,Mosquera,CO,4.7059,-74.2302,62.69,59,75,6.91,broken clouds
605,Tobermory,CA,45.2501,-81.6665,67.87,76,79,8.59,broken clouds
606,Kavaratti,IN,10.5669,72.642,82.36,76,100,17.85,overcast clouds
607,Aginskoye,RU,51.1,114.53,59.63,66,100,2.82,overcast clouds
608,Zgierz,PL,51.8556,19.4062,69.19,47,0,11.5,clear sky
609,Turkan,AZ,40.3639,50.215,78.98,73,0,11.5,clear sky
610,Pemangkat,ID,1.1667,108.9667,77.97,77,100,5.35,overcast clouds
611,Aktash,RU,50.3,87.7333,44.91,87,81,4.36,light rain
612,Tsabong,BW,-26.0217,22.401,61.16,37,1,8.23,clear sky
613,Lasa,IT,46.6166,10.7002,75.29,68,19,0.67,few clouds
614,Lewisporte,CA,49.2499,-55.0482,82.11,45,48,9.86,scattered clouds
615,Dunedin,NZ,-45.8742,170.5036,52.39,71,93,10.6,overcast clouds
616,Meulaboh,ID,4.1363,96.1285,77.72,86,66,2.75,broken clouds
617,Edd,ER,13.9297,41.6925,89.58,65,63,4.97,broken clouds
618,Manga,BF,11.6636,-1.0731,80.85,74,81,0.98,broken clouds
619,Provost,CA,52.3501,-110.2683,72.05,54,36,8.7,scattered clouds
620,Pitea,SE,65.3172,21.4794,59.09,77,100,8.05,overcast clouds
621,Kozhva,RU,65.1073,57.0459,63.0,91,100,3.13,overcast clouds
622,Shingu,JP,33.7333,135.9833,74.25,87,100,5.3,overcast clouds
623,Lima,PE,-12.0432,-77.0282,59.25,77,100,6.91,overcast clouds
624,Tres Barras,BR,-26.1064,-50.3222,64.02,43,100,2.91,overcast clouds
625,Cayenne,GF,4.9333,-52.3333,87.84,1,20,8.05,few clouds
626,Fuzhou,CN,26.0614,119.3061,82.29,97,100,2.51,overcast clouds
627,Nuuk,GL,64.1835,-51.7216,45.12,84,100,20.24,overcast clouds
628,Purranque,CL,-40.9167,-73.1667,45.28,97,100,4.47,overcast clouds
629,Trelew,AR,-43.249,-65.3051,52.68,40,68,20.8,broken clouds
630,Tual,ID,-5.6667,132.75,78.73,78,96,20.49,overcast clouds
631,Quatre Cocos,MU,-20.2078,57.7625,69.91,65,53,22.46,broken clouds
632,Bozeman,US,45.6796,-111.0386,89.2,44,7,13.2,clear sky
633,Florianopolis,BR,-27.6146,-48.5012,68.13,68,20,12.66,few clouds
634,Morro Bay,US,35.3658,-120.8499,92.71,46,19,5.99,few clouds
635,Mezhdurechenskiy,RU,59.6,65.9333,60.93,58,98,1.57,overcast clouds
636,Zdvinsk,RU,54.7021,78.661,55.38,84,26,8.25,scattered clouds
637,Naze,JP,28.3667,129.4833,79.72,84,100,16.4,overcast clouds
638,Montalvo,EC,-1.8,-79.3333,87.64,57,58,4.36,light rain
639,Emerald,AU,-23.5333,148.1667,57.34,79,54,5.99,broken clouds
640,Lavrentiya,RU,65.5833,-171.0,46.65,94,100,9.51,overcast clouds
641,Eregli,TR,37.5133,34.0467,75.18,41,0,12.17,clear sky
642,Padang,ID,-0.9492,100.3543,73.45,81,84,3.62,broken clouds
643,Liverpool,GB,53.4106,-2.9779,87.89,34,0,14.97,clear sky
644,Ayr,GB,55.4627,-4.6339,73.38,46,0,12.66,clear sky
645,Dondo,MZ,-19.6094,34.7431,64.15,89,36,4.81,scattered clouds
646,Altagracia De Orituco,VE,9.8601,-66.3814,84.94,64,75,4.14,broken clouds
647,Saint-Georges,GD,12.0564,-61.7485,85.68,74,40,24.16,scattered clouds
648,Atambua,ID,-9.1061,124.8925,66.69,83,45,5.53,scattered clouds
649,Ranong,TH,9.9658,98.6348,78.8,88,88,5.14,overcast clouds
650,Bima,ID,-8.4667,118.7167,71.06,92,29,3.67,scattered clouds
651,Tiznit,MA,29.5833,-9.5,82.42,47,1,5.79,clear sky
652,Oskarshamn,SE,57.2645,16.4484,70.99,53,100,5.12,overcast clouds
653,Kampong Thum,KH,12.7111,104.8887,78.85,89,100,0.85,moderate rain
654,Omsukchan,RU,62.5333,155.8,51.96,94,100,5.64,light rain
655,Asyut,EG,27.181,31.1837,91.58,19,2,10.45,clear sky
656,Biltine,TD,14.5333,20.9167,75.25,90,91,18.79,heavy intensity rain
657,Campo Formoso,BR,-10.5075,-40.3214,77.09,52,56,11.97,broken clouds
658,Ola,RU,59.5833,151.2833,57.15,97,99,5.93,overcast clouds
659,Layou,VC,13.2,-61.2667,79.99,83,75,17.27,broken clouds
660,Kingman,US,35.1894,-114.053,100.18,19,45,1.99,scattered clouds
661,Ponta Delgada,PT,37.7333,-25.6667,70.52,88,75,17.27,broken clouds
662,Dhankuta,NP,26.9833,87.3333,70.83,88,95,1.43,overcast clouds
663,Rudnogorsk,RU,57.2639,103.7519,49.98,95,1,1.16,clear sky
664,Puerto Madryn,AR,-42.7692,-65.0385,53.02,42,60,18.66,broken clouds
665,Konya,TR,38.1667,32.5,72.57,37,0,7.54,clear sky
666,Salina,US,38.8403,-97.6114,89.31,61,3,5.99,clear sky
667,Kristinehamn,SE,59.3098,14.1081,68.56,63,87,6.6,overcast clouds
668,Pringsewu,ID,-5.3582,104.9744,73.81,98,89,1.83,overcast clouds
669,Praia,CV,14.9215,-23.5087,82.94,61,20,21.85,few clouds
670,Wajid,SO,3.8093,43.2471,79.38,49,98,19.39,overcast clouds
671,Kargopol,RU,61.5071,38.9456,59.76,66,98,2.86,overcast clouds
672,Kushiro,JP,42.975,144.3747,64.02,99,100,6.51,overcast clouds
673,Piterka,RU,50.6803,47.4454,74.23,51,3,6.64,clear sky
674,Mobaye,CF,4.319,21.1786,74.43,86,66,1.92,broken clouds
675,Talavera De La Reina,ES,39.9635,-4.8308,106.88,10,3,8.99,clear sky
676,Olafsvik,IS,64.8945,-23.7142,51.37,83,63,3.33,broken clouds
677,Garowe,SO,8.4054,48.4845,85.71,34,40,26.69,scattered clouds
678,Wukari,NG,7.85,9.7833,77.11,77,100,2.75,overcast clouds
679,Sindor,RU,62.8629,51.8905,65.37,56,67,4.72,broken clouds
680,Freeport,US,40.6576,-73.5832,86.25,63,75,12.66,broken clouds
681,Westport,US,41.1415,-73.3579,86.72,62,0,6.91,clear sky
682,Havelock,US,34.8791,-76.9013,88.99,73,0,9.22,clear sky
683,Zakopane,PL,49.299,19.9489,63.03,71,99,2.48,overcast clouds
684,Kokopo,PG,-4.352,152.2633,76.33,81,94,4.74,overcast clouds
685,Coquimbo,CL,-29.9533,-71.3436,56.93,62,0,11.5,clear sky
686,Dickinson,US,29.4608,-95.0513,97.12,56,76,3.0,broken clouds
687,Nhamunda,BR,-2.1861,-56.7131,95.4,37,34,5.17,scattered clouds
688,Krasnoyarskiy,RU,51.965,59.8967,71.28,61,62,5.66,broken clouds
689,Lata,PT,40.1629,-8.3327,80.17,48,25,8.41,scattered clouds
690,Goundi,TD,9.3627,17.366,70.68,97,100,3.47,light rain
691,Grindavik,IS,63.8424,-22.4338,52.27,82,75,11.5,broken clouds
692,Bulanash,RU,57.2783,61.9965,59.47,96,57,3.44,broken clouds
693,Flinders,AU,-34.5833,150.8552,53.26,70,43,5.99,scattered clouds
694,Makakilo City,US,21.3469,-158.0858,76.69,74,52,20.87,broken clouds
